{
  "byte_equal": true,
  "first_10_islands": [
    [
      10525387,
      10527727
    ],
    [
      10536760,
      10537165
    ],
    [
      10571392,
      10572963
    ],
    [
      10628607,
      10629286
    ],
    [
      10663546,
      10663965
    ],
    [
      10664287,
      10664689
    ],
    [
      10673574,
      10673976
    ],
    [
      10698668,
      10700140
    ],
    [
      10741196,
      10742511
    ],
    [
      10850684,
      10851104
    ]
  ],
  "fixture": "/home/matteius/genetics/tracks/genomics/fixtures/chr22.2bit.bin",
  "n_bases": 50818468,
  "n_bytes": 12704617,
  "n_candidates": 1373708,
  "n_islands": 1352,
  "npu_avg_us": 920.333,
  "npu_e2e_wall_s": 3.800089,
  "npu_max_us": 1686.0,
  "npu_min_us": 723.0,
  "oracle_wall_s": 15.007559
}
